sample_id,label,measure,dangvannam,dohoangminh,nguyenchibang,nguyendonquoctuan,nguyenviettien,agree
BDD02,image_status,tag,0,1,1,0,0,0
BDD02,image_status,attr:status,,uncertain,uncertain,,,0
BDD02,traffic_sign,count,1,2,0,0,1,0
BDD02,traffic_sign,attr:identification,unknown,known|unknown,,,known,0
BDD02,traffic_sign,attr:review_status,escalate,escalate|normal,,,escalate,0
BDD02,traffic_sign,attr:sign_code,__undefined__,__undefined__|__undefined__,,,__undefined__,0
BDD02,traffic_sign,attr:sign_family,unknown,unknown|unknown,,,direction,0
BDD02,traffic_sign,attr:visibility,__undefined__,full|severely_occluded,,,severely_occluded,0
BDD12,image_status,tag,0,0,1,0,0,0
BDD12,image_status,attr:status,,,no_sign,,,0
BDD12,traffic_sign,count,1,1,0,0,1,0
BDD12,traffic_sign,attr:identification,unknown,unknown,,,unknown,0
BDD12,traffic_sign,attr:review_status,escalate,escalate,,,escalate,0
BDD12,traffic_sign,attr:sign_code,__undefined__,__undefined__,,,_unknown_,0
BDD12,traffic_sign,attr:sign_family,unknown,other,,,warning,0
BDD12,traffic_sign,attr:visibility,low,full,,,low,0
GTS02,image_status,tag,0,0,1,0,0,0
GTS02,image_status,attr:status,,,contains_sign,,,0
GTS02,traffic_sign,count,6,11,5,0,5,0
GTS02,traffic_sign,attr:identification,__undefined__|__undefined__|known|known|known|known,known|known|known|known|known|known|unknown|unknown|unknown|unknown|unknown,known|known|known|known|known,,known|known|known|known|known,0
GTS02,traffic_sign,attr:review_status,__undefined__|__undefined__|normal|normal|normal|normal,escalate|escalate|escalate|escalate|escalate|normal|normal|normal|normal|normal|normal,normal|normal|normal|normal|normal,,normal|normal|normal|normal|normal,0
GTS02,traffic_sign,attr:sign_code,__undefined__|__undefined__|__undefined__|__undefined__|__undefined__|__undefined__,__undefined__|__undefined__|__undefined__|__undefined__|__undefined__|__undefined__|__undefined__|__undefined__|__undefined__|__undefined__|__undefined__,V205|V205|V209-10|V209-20|V222-20,,__vorschriftzeichen_205__|__vorschriftzeichen_205__|__vorschriftzeichen_209__|__vorschriftzeichen_209__|__vorschriftzeichen_223__,0
GTS02,traffic_sign,attr:sign_family,__undefined__|__undefined__|direction|direction|priority|warning,mandatory|mandatory|mandatory|unknown|unknown|unknown|unknown|unknown|warning|warning|warning,mandatory|mandatory|mandatory|priority|priority,,mandatory|mandatory|regulatory|warning|warning,0
GTS02,traffic_sign,attr:visibility,__undefined__|__undefined__|full|full|full|partial,full|full|full|full|full|full|full|full|full|full|severely_occluded,full|full|full|full|full,,full|full|full|full|full,0
GTS12,image_status,tag,0,0,1,0,0,0
GTS12,image_status,attr:status,,,contains_sign,,,0
GTS12,traffic_sign,count,1,2,2,0,2,0
GTS12,traffic_sign,attr:identification,known,known|unknown,known|unknown,,known|unknown,0
GTS12,traffic_sign,attr:review_status,normal,escalate|normal,escalate|escalate,,escalate|normal,0
GTS12,traffic_sign,attr:sign_code,__undefined__,__undefined__|__undefined__,V123|unknown,,__undefined__|__vorschriftzeichen_123__,0
GTS12,traffic_sign,attr:sign_family,warning,unknown|warning,supplementary|warning,,unknown|warning,0
GTS12,traffic_sign,attr:visibility,low,full|full,low|partial,,full|full,0
GTS13,image_status,tag,0,0,1,0,0,0
GTS13,image_status,attr:status,,,contains_sign,,,0
GTS13,traffic_sign,count,2,2,1,0,1,0
GTS13,traffic_sign,attr:identification,known|unknown,known|unknown,known,,known,0
GTS13,traffic_sign,attr:review_status,escalate|normal,escalate|normal,normal,,normal,0
GTS13,traffic_sign,attr:sign_code,__undefined__|__undefined__,__undefined__|__undefined__,Zeichen 133-10,,__vorschriftzeichen_301__,0
GTS13,traffic_sign,attr:sign_family,warning|warning,unknown|warning,warning,,warning,0
GTS13,traffic_sign,attr:visibility,full|low,full|full,full,,full,0
GTS15,image_status,tag,0,0,1,0,0,0
GTS15,image_status,attr:status,,,contains_sign,,,0
GTS15,traffic_sign,count,1,9,1,0,5,0
GTS15,traffic_sign,attr:identification,known,__undefined__|known|unknown|unknown|unknown|unknown|unknown|unknown|unknown,known,,__undefined__|known|unknown|unknown|unknown,0
GTS15,traffic_sign,attr:review_status,normal,__undefined__|escalate|escalate|escalate|escalate|escalate|escalate|normal|normal,escalate,,__undefined__|escalate|normal|normal|normal,0
GTS15,traffic_sign,attr:sign_code,__undefined__,__undefined__|__undefined__|__undefined__|__undefined__|__undefined__|__undefined__|__undefined__|__undefined__|__undefined__,V281,,__undefined__|__undefined__|__undefined__|__undefined__|__vorschriftzeichen_277__,0
GTS15,traffic_sign,attr:sign_family,prohibitory,__undefined__|unknown|unknown|unknown|unknown|unknown|unknown|unknown|warning,regulatory,,__undefined__|prohibitory|unknown|unknown|unknown,0
GTS15,traffic_sign,attr:visibility,full,__undefined__|full|full|full|full|full|partial|partial|severely_occluded,partial,,__undefined__|full|low|low|low,0
GTS18,image_status,tag,0,0,1,0,0,0
GTS18,image_status,attr:status,,,contains_sign,,,0
GTS18,traffic_sign,count,2,3,2,0,2,0
GTS18,traffic_sign,attr:identification,known|known,known|known|unknown,known|known,,known|known,0
GTS18,traffic_sign,attr:review_status,escalate|normal,escalate|escalate|normal,normal|normal,,escalate|normal,0
GTS18,traffic_sign,attr:sign_code,__undefined__|__undefined__,__undefined__|__undefined__|__undefined__,Zeichen 103-10|Zeichen 274-53,,__vorschriftzeichen_105__|__vorschriftzeichen_274__,0
GTS18,traffic_sign,attr:sign_family,prohibitory|warning,unknown|unknown|warning,prohibitory|warning,,prohibitory|warning,0
GTS18,traffic_sign,attr:visibility,full|low,full|full|full,full|full,,full|full,0
GTS24,image_status,tag,0,0,1,0,0,0
GTS24,image_status,attr:status,,,contains_sign,,,0
GTS24,traffic_sign,count,3,5,1,0,4,0
GTS24,traffic_sign,attr:identification,known|unknown|unknown,known|known|unknown|unknown|unknown,known,,known|known|known|known,0
GTS24,traffic_sign,attr:review_status,escalate|escalate|normal,escalate|escalate|normal|normal|normal,normal,,escalate|escalate|escalate|normal,0
GTS24,traffic_sign,attr:sign_code,__undefined__|__undefined__|__undefined__,__undefined__|__undefined__|__undefined__|__undefined__|__undefined__,V209-30,,__undefined__|__undefined__|__undefined__|__vorschriftzeichen_209__,0
GTS24,traffic_sign,attr:sign_family,direction|unknown|unknown,mandatory|mandatory|unknown|warning|warning,mandatory,,information|mandatory|prohibitory|prohibitory,0
GTS24,traffic_sign,attr:visibility,full|low|low,full|full|full|full|partial,full,,full|full|low|low,0
